Run,Time(s),CPU(s),Memory(MB)
1,0.000004,0.0003,0.00
2,0.000002,0.0002,0.00
3,0.000001,0.0001,0.00
4,0.000001,0.0002,0.00
5,0.000002,0.0002,0.00
6,0.000001,0.0001,0.00
7,0.000001,0.0002,0.00
8,0.000002,0.0001,0.00
9,0.000001,0.0001,0.00
10,0.000002,0.0002,0.00
